Function,X,Y
class,-0.24843907104364468,0.2965654164847746
faZtILEKmz,0.5071750334894607,-0.4054354809753655
static,0.741264037554184,-0.8805257115012682
JfhrjZeq,-1.0,0.9893957759918592
